,Date,Score,Total price difference,Percentage price difference
0,2008-01-02,-0.5221081972122192,0.0,0.0
1,2008-01-03,0.8616266250610352,0.0,0.0
2,2008-01-07,0.5865665078163147,-30.980000000000018,-2.1407446308632094
3,2008-01-09,-0.42169612646102905,-7.0499999999999545,-0.4978180739736442
4,2008-01-10,0.542340874671936,11.199999999999818,0.7948166599249052
5,2008-01-22,-0.6024330854415894,-109.82999999999993,-7.732710004013148
6,2008-01-29,-0.7666232585906982,51.799999999999955,3.952689813048451
7,2008-01-30,0.0,-6.490000000000009,-0.47640020553475804
8,2008-02-01,0.0,39.61000000000013,2.921500800259633
9,2008-02-05,-0.3080311417579651,-58.77999999999997,-4.212351836722992
10,2008-02-11,-0.8901388943195343,2.490000000000009,0.1862880057457512
11,2008-02-21,0.0,3.3999999999998636,0.2538961863299204
12,2008-02-22,-0.44738250970840454,10.579999999999927,0.7880643263092763
13,2008-02-28,0.0,14.570000000000164,1.0767786802255666
14,2008-02-29,-0.9474233984947205,-37.049999999999955,-2.7089670098268566
15,2008-03-05,0.0,3.0699999999999363,0.23071778029955256
16,2008-03-07,-0.48535066843032837,-40.330000000000155,-3.0239184224338422
17,2008-03-10,-0.968096137046814,-20.0,-1.5463479128169049
18,2008-03-11,0.5338114500045776,47.2800000000002,3.712982086903273
19,2008-03-18,-0.5890741348266602,10.089999999999918,0.7640177185476786
20,2008-03-27,-0.9592165946960449,-4.980000000000018,-0.37422787321340145
21,2008-04-02,-0.9712823033332825,41.76999999999998,3.1506456673907786
22,2008-04-07,0.0,5.009999999999991,0.36635393739076955
23,2008-04-16,0.3336756229400635,-7.829999999999927,-0.5704751774083033
24,2008-04-22,0.0,11.230000000000018,0.8228854481904593
25,2008-04-23,-0.6448155641555786,3.990000000000009,0.2899835748651837
26,2008-04-24,-0.957134485244751,8.889999999999873,0.6442355771669485
27,2008-04-25,0.0,9.019999999999982,0.6494722138218043
28,2008-05-05,0.0,9.650000000000091,0.6903508269902201
29,2008-05-06,0.8174104690551758,10.769999999999982,0.7651919374205132
30,2008-05-07,-0.9561598300933838,-25.690000000000055,-1.8113745011492994
31,2008-05-08,-0.9680330753326416,5.110000000000127,0.36694744249841144
32,2008-05-12,0.2633354663848877,5.899999999999864,0.4221280979909467
33,2008-05-16,-0.907511293888092,21.769999999999982,1.5510337850354083
34,2008-05-21,0.0,-34.63999999999987,-2.4302802820359823
35,2008-05-23,0.0,-14.779999999999973,-1.0627665005644578
36,2008-05-27,0.0,9.419999999999845,0.684627851707561
37,2008-05-29,-0.9027257561683655,12.910000000000082,0.9318944671021823
38,2008-06-02,-0.9575709700584412,-12.589999999999918,-0.9004047888089425
39,2008-06-04,-0.016932696104049683,-8.470000000000027,-0.6112566484083531
40,2008-06-05,0.0,26.84999999999991,1.9496079000871267
41,2008-06-09,-0.4814242720603943,-42.289999999999964,-3.012000997115485
42,2008-06-13,-0.8085640668869019,-1.7300000000000182,-0.1270414757372825
43,2008-06-20,-0.9387474656105042,-42.09999999999991,-3.095519951765763
44,2008-06-24,0.0,-3.6400000000001,-0.2761906929806666
45,2008-07-01,-0.9238636493682861,-29.37999999999988,-2.235427493171209
46,2008-07-02,-0.4859488308429718,-23.3900000000001,-1.820360959133332
47,2008-07-07,0.0,-9.210000000000036,-0.7300716595852652
48,2008-07-09,-0.9516121745109558,-7.619999999999891,-0.6084755372072324
49,2008-07-14,0.0,-16.3900000000001,-1.3167937398067069
50,2008-07-23,0.0,53.8900000000001,4.387364650329732
51,2008-07-29,0.8847357630729675,-18.99000000000001,-1.4810597493351225
52,2008-07-31,-0.6515965461730957,4.180000000000064,0.33090563647878907
53,2008-08-01,0.7736923694610596,-7.070000000000164,-0.5578437406302895
54,2008-08-04,0.0,-11.299999999999955,-0.8966048035800679
55,2008-08-08,0.0,47.309999999999945,3.787799937550536
56,2008-08-13,-0.9489952921867371,-10.490000000000009,-0.8092137743766978
57,2008-08-14,0.8654046654701233,7.100000000000136,0.5521725266948304
58,2008-08-19,0.0,-26.24000000000001,-2.0294988901177953
59,2008-08-26,0.44536852836608887,4.819999999999936,0.3805193062233014
60,2008-08-27,0.0,10.150000000000091,0.7982634820017216
61,2008-08-28,0.0,19.019999999999982,1.4840129207434094
62,2008-09-03,-0.9591954350471497,-25.700000000000045,-1.975889534704927
63,2008-09-09,0.0,-50.47000000000003,-3.9584934665641835
64,2008-09-10,0.0,7.529999999999973,0.6149398534924151
65,2008-09-11,0.0,17.00999999999999,1.380636992305444
66,2008-09-15,-0.9119174480438232,-56.34999999999991,-4.511428685801202
67,2008-09-16,-0.8562160432338715,20.899999999999864,1.75232665381067
68,2008-09-17,-0.9216809272766113,-57.20999999999981,-4.714073829927473
69,2008-09-19,0.0,98.68999999999983,8.53431800690077
70,2008-09-24,0.0,-69.21000000000004,-5.514389520986713
71,2008-09-26,0.0,27.40000000000009,2.310539941140268
72,2008-09-29,-0.9470430413881937,-106.84999999999991,-8.806778375794334
73,2008-10-01,0.0,54.63999999999987,4.938450136476191
74,2008-10-06,0.0,-104.16999999999985,-8.971973885931808
75,2008-10-07,-0.9614409804344177,-60.66000000000008,-5.739480929898105
76,2008-10-13,-0.8254556655883789,7.1200000000000045,0.7146943978800081
77,2008-10-15,-0.4675738513469696,-95.50999999999999,-9.519110978222951
78,2008-10-17,0.37232333421707153,32.70999999999992,3.603057807543171
79,2008-10-20,0.0,44.85000000000002,4.7684865238424345
80,2008-10-21,0.0,-30.350000000000023,-3.0799675258778185
81,2008-10-23,-0.9096113741397858,-46.93999999999994,-4.914925920108889
82,2008-10-24,-0.465058296918869,-31.340000000000032,-3.4511237625397837
83,2008-10-29,0.0,53.32000000000005,6.081412457086813
84,2008-10-30,-0.33068570494651794,24.0,2.5803954456020386
85,2008-11-03,-0.12816404302914938,12.209999999999923,1.2797534823758683
86,2008-11-04,0.0,39.450000000000045,4.082583048742632
87,2008-11-05,0.0,-52.98000000000002,-5.26771066368382
88,2008-11-07,0.0,-21.779999999999973,-2.2859661828143176
89,2008-11-10,-0.9564965963363647,-11.779999999999973,-1.265319713423342
90,2008-11-11,-0.4862304925918579,-20.25999999999999,-2.2040665353945226
91,2008-11-17,-0.4800340235233307,-48.200000000000045,-5.361811001724239
92,2008-11-21,0.0,-50.72000000000003,-5.961798413164858
93,2008-11-24,0.9155457019805908,51.77999999999997,6.4722572903516085
94,2008-11-26,0.0,35.870000000000005,4.211032976837559
95,2008-12-01,0.0,-71.46999999999991,-8.051324801730345
96,2008-12-02,0.0,32.59999999999991,3.9940701535144028
97,2008-12-03,0.0,21.930000000000064,2.583617063889453
98,2008-12-04,-0.9656120538711548,-25.519999999999982,-2.93084043457289
99,2008-12-09,-0.9577235579490662,43.44999999999993,5.140673434135483
100,2008-12-11,-0.2781190872192383,-15.079999999999927,-1.6969178660245006
101,2008-12-17,-0.9522536396980286,30.829999999999927,3.5291154889593432
102,2008-12-18,0.0,-19.139999999999986,-2.116273412794939
103,2008-12-24,0.5792573094367981,-17.129999999999995,-1.9349810229531896
104,2008-12-30,-0.38744136691093445,22.49000000000001,2.5905661464032725
105,2008-12-31,0.0,12.610000000000014,1.4158358034671712
106,2009-01-07,-0.9753658771514893,3.3999999999999773,0.3764184887904763
107,2009-01-08,-0.7002692222595215,3.080000000000041,0.3397121270611637
108,2009-01-12,-0.9701055884361267,-39.47000000000003,-4.338649929099845
109,2009-01-20,0.0,-65.03999999999996,-7.473628570771949
110,2009-01-21,-0.9046443998813629,35.01999999999998,4.349121979086458
111,2009-01-23,-0.9455146789550781,-8.289999999999964,-0.9866228696562843
112,2009-01-28,0.0,42.139999999999986,5.06520824568784
113,2009-01-30,-0.7020812034606934,-48.210000000000036,-5.515450354082536
114,2009-02-02,-0.7367497086524963,-0.4399999999999409,-0.053276505061260825
115,2009-02-09,0.0,44.44999999999993,5.385006784260507
116,2009-02-17,-0.899275004863739,-80.72000000000003,-9.279334168687999
117,2009-02-18,0.0,-0.75,-0.0950365573957449
118,2009-02-23,0.0,-45.08999999999992,-5.719033002714279
119,2009-02-25,0.0,21.569999999999936,2.9018067345593392
120,2009-03-02,-0.6292592287063599,-64.07999999999993,-8.377565694862064
121,2009-03-03,-0.9686771035194397,-4.490000000000009,-0.6406780628406736
122,2009-03-04,-0.9576587677001953,16.539999999999964,2.3753105567762356
123,2009-03-05,-0.8448306918144226,-30.32000000000005,-4.253229901665107
124,2009-03-09,0.0,-6.019999999999982,-0.8819866676433934
125,2009-03-13,0.0,80.01999999999998,11.828004670894119
126,2009-03-18,0.0,37.80000000000007,4.99636507831605
127,2009-03-26,-0.5303065776824951,38.50999999999999,4.847988921759929
128,2009-04-06,-0.47745877504348755,2.6200000000000045,0.31457868069063283
129,2009-04-13,0.0,23.25,2.7828314262459903
130,2009-04-17,-0.9442786574363708,10.870000000000005,1.265822784810127
131,2009-04-28,-0.9595530033111572,-14.440000000000055,-1.66053357865686
132,2009-04-30,-0.4558357298374176,17.649999999999977,2.063941250760089
133,2009-05-07,0.0,34.58000000000004,3.961916110035408
134,2009-05-11,0.0,1.8500000000000227,0.20388146221580827
135,2009-05-29,0.0,9.899999999999977,1.0888214332849386
136,2009-06-01,0.0,23.730000000000018,2.5817612115673367
137,2009-06-05,0.0,-2.7799999999999727,-0.2948444642421514
138,2009-06-11,-0.47810158133506775,4.7999999999999545,0.5105894116520711
139,2009-06-17,-0.0596315066019694,-34.17999999999995,-3.617352284392887
140,2009-06-19,0.0,10.519999999999982,1.1551426908675628
141,2009-06-24,0.0,-20.289999999999964,-2.2024901490398667
142,2009-07-01,0.0,22.389999999999986,2.485182143094988
143,2009-07-02,0.0,-26.910000000000082,-2.914450954696596
144,2009-07-08,0.0,-16.860000000000014,-1.8808147966355073
145,2009-07-09,0.0,3.1200000000000045,0.3547228159534318
146,2009-07-13,0.0,18.370000000000005,2.081161915983143
147,2009-07-31,0.0,86.43000000000006,9.592142500416188
148,2009-08-05,0.872137725353241,15.240000000000009,1.5433223964029659
149,2009-08-07,0.0,7.759999999999991,0.7738950055848084
150,2009-08-11,0.0,-16.129999999999995,-1.5962710790911245
151,2009-08-13,0.0,18.379999999999995,1.8484437069442343
152,2009-08-14,0.0,-8.639999999999986,-0.8531395337355452
153,2009-08-19,0.0,-7.6299999999999955,-0.7598920415500597
154,2009-08-31,0.0,24.159999999999968,2.4245830239046193
155,2009-09-01,0.0,-22.58000000000004,-2.212380709764657
156,2009-09-02,0.0,-3.2899999999999636,-0.3296461063684786
157,2009-09-08,0.8169084191322327,30.6400000000001,3.0801708972103645
158,2009-09-09,0.0,7.979999999999791,0.7782404743560782
159,2009-09-10,0.0,10.77000000000021,1.042221082477739
160,2009-09-11,-0.4657329022884369,-1.4100000000000819,-0.13503936253759857
161,2009-09-14,0.0,6.6099999999999,0.6339129017099249
162,2009-09-16,0.0,19.420000000000073,1.8506870985571955
163,2009-09-18,-0.6982065439224243,-0.4600000000000364,-0.04304053295408102
164,2009-09-22,0.45636290311813354,3.3600000000001273,0.3145183937096441
165,2009-09-23,0.5314645171165466,-10.790000000000191,-1.00684918724224
166,2009-09-25,0.0,-16.48999999999978,-1.5543846088587463
167,2009-09-28,0.0,18.59999999999991,1.7809609529098516
168,2009-09-30,0.0,-5.900000000000091,-0.5550433686428805
169,2009-10-01,0.0,-27.230000000000018,-2.5759639762364266
170,2009-10-06,0.44383352994918823,24.87000000000012,2.4149147934165285
171,2009-10-07,0.0,2.8599999999999,0.2711620145630973
172,2009-10-08,0.0,7.900000000000091,0.7469884074963682
173,2009-10-09,0.0,6.009999999999991,0.5640650223373495
174,2009-10-12,0.0,4.7000000000000455,0.43864151788631206
175,2009-10-19,0.5989012122154236,21.720000000000027,2.018230981518136
176,2009-10-27,0.0,-34.5,-3.1423340710987233
177,2009-10-28,-0.693424642086029,-20.779999999999973,-1.9540910843418784
178,2009-10-30,0.0,-6.440000000000055,-0.6176687799123423
179,2009-11-05,0.0,30.440000000000055,2.937685173568559
180,2009-11-09,0.0,26.449999999999818,2.479772742187995
181,2009-11-12,-0.969398021697998,-5.839999999999918,-0.5342701357631572
182,2009-11-13,-0.25879089037577313,6.240000000000009,0.5739303189728128
183,2009-11-23,0.0,12.759999999999991,1.1669166331345786
184,2009-11-24,0.0,-0.5899999999999181,-0.053333815446911896
185,2009-11-25,0.0,4.980000000000018,0.4504137837471187
186,2009-11-27,-0.9125730395317078,-19.1400000000001,-1.7233462089084661
187,2009-12-03,0.0,8.430000000000064,0.7723387296264798
188,2009-12-07,-0.9525622725486755,3.3299999999999272,0.3027492908575103
189,2009-12-10,0.0,-0.900000000000091,-0.08157715839565746
190,2009-12-14,0.8196037411689758,11.759999999999991,1.0668118111307654
191,2009-12-15,-0.4809512197971344,-6.179999999999836,-0.5547028569889721
192,2009-12-16,0.2975997527440389,1.25,0.11282301228416956
193,2009-12-21,0.0,4.869999999999891,0.4390630916532835
194,2009-12-22,0.9201892614364624,3.9700000000000273,0.35635743458552377
195,2009-12-30,-0.1127936840057373,8.400000000000091,0.7513282409974859
196,2010-01-05,-0.2715195616086324,10.099999999999909,0.8966460112568942
197,2010-01-06,-0.5052409768104553,0.6200000000001182,0.05455249357689423
198,2010-01-07,0.0,4.5499999999999545,0.4001266334839997
199,2010-01-11,0.0,5.289999999999964,0.46334819434347
200,2010-01-13,-0.4820753037929535,-1.2999999999999545,-0.1133411219027319
201,2010-01-14,0.0,2.7799999999999727,0.24265065288736581
202,2010-01-20,0.0,-10.420000000000073,-0.9073019521794465
203,2010-01-28,0.0,-53.50999999999999,-4.701943692664581
204,2010-02-02,0.0,18.789999999999964,1.7325477395738211
205,2010-02-04,0.0,-40.210000000000036,-3.6444549178842074
206,2010-02-05,0.0,3.0800000000001546,0.2897160218604053
207,2010-02-08,-0.46221858263015747,-9.450000000000045,-0.8863335803187091
208,2010-02-12,0.0,18.769999999999982,1.7762174233964818
209,2010-02-18,0.0,31.24000000000001,2.9046684828592952
210,2010-02-23,-0.9648621678352356,-12.150000000000091,-1.0978088999322422
211,2010-02-26,0.0,9.8900000000001,0.9035264023387631
212,2010-03-01,0.0,11.220000000000027,1.0158534708326945
213,2010-03-02,0.0,2.599999999999909,0.23303546620536778
214,2010-03-05,0.38143348693847656,20.3900000000001,1.8232869240192882
215,2010-03-08,0.0,-0.20000000000004547,-0.017563888644949982
216,2010-03-09,0.0,1.9500000000000455,0.17127799736495786
217,2010-03-10,-0.5536413192749023,5.1599999999998545,0.4524529790871897
218,2010-03-12,-0.6322430968284607,4.380000000000109,0.38232906486501594
219,2010-03-15,0.0,0.5199999999999818,0.04521778450247235
220,2010-03-22,0.0,15.299999999999955,1.3298450252496679
221,2010-03-24,0.0,1.9100000000000819,0.16383458711111434
222,2010-04-01,-0.41330456733703613,10.379999999999882,0.8889117254136164
223,2010-04-05,-0.4080151915550232,9.340000000000146,0.79280196927257
224,2010-04-12,0.0,9.039999999999964,0.7613016236609819
225,2010-04-14,0.0,14.170000000000073,1.1843073014174974
226,2010-04-15,0.0,1.0199999999999818,0.08425226118200815
227,2010-04-19,0.0,-14.150000000000091,-1.1678097171672228
228,2010-04-22,0.0,11.150000000000091,0.9310909212372311
229,2010-04-23,0.0,8.6099999999999,0.7123532477847468
230,2010-04-28,-0.4372784495353699,-25.920000000000073,-2.129337539432183
231,2010-04-30,0.0,-4.669999999999845,-0.39198898737575927
232,2010-05-04,0.0,-13.090000000000146,-1.1030681980972405
233,2010-05-05,-0.9174972772598267,-7.730000000000018,-0.6586571233810514
234,2010-05-06,0.0,-37.7199999999998,-3.235352140461613
235,2010-05-07,0.0,-17.269999999999982,-1.5308248016664434
236,2010-05-11,0.0,44.909999999999854,4.0427408901051285
237,2010-05-12,0.2450308402379354,15.88000000000011,1.3739520155045561
238,2010-05-17,-0.5791067481040955,-34.73000000000002,-2.96414519446602
239,2010-05-18,0.0,-16.1400000000001,-1.4195999788907154
240,2010-05-20,0.0,-49.210000000000036,-4.390613847251966
241,2010-05-25,0.0,2.4400000000000546,0.22769902667998532
242,2010-05-26,0.7482598423957825,-6.079999999999927,-0.5660921948176426
243,2010-06-01,0.0,2.759999999999991,0.2584390654993203
244,2010-06-07,0.3440738916397095,-20.24000000000001,-1.8903344509717857
245,2010-06-08,0.0,11.529999999999973,1.0976039296695739
246,2010-06-11,0.32364797592163086,29.59999999999991,2.787193973634643
247,2010-06-14,0.0,-1.9699999999998,-0.18046903627700622
248,2010-06-15,0.24547941982746124,25.59999999999991,2.349421363215028
249,2010-06-21,0.006971220175425212,-2.0299999999999727,-0.18202523246325622
250,2010-06-22,0.0,-17.8900000000001,-1.6070786920589382
251,2010-06-23,0.0,-3.269999999999982,-0.2985456172225198
252,2010-06-28,-0.3603758215904236,-17.470000000000027,-1.599758250613533
253,2010-06-29,0.0,-33.32999999999993,-3.101705798598503
254,2010-06-30,-0.3224062919616699,-10.529999999999973,-1.0112942261150142
255,2010-07-06,-0.47035038471221924,-2.650000000000091,-0.25710432614412304
256,2010-07-07,0.0,32.210000000000036,3.1330856175709623
257,2010-07-13,0.20000691711902618,35.069999999999936,3.3076480519112996
258,2010-07-14,0.0,-0.16999999999984539,-0.015520295068183887
259,2010-07-20,0.0,-11.690000000000055,-1.0674141914040791
260,2010-07-21,0.0,-13.8900000000001,-1.281980285745939
261,2010-07-26,0.0,45.42000000000007,4.246486971643347
262,2010-07-30,-0.48047927021980286,-13.410000000000082,-1.20267979659376
263,2010-08-02,0.0,24.25999999999999,2.202251270878721
264,2010-08-04,0.2917540470759074,1.3800000000001091,0.12257296644343962
265,2010-08-06,-0.9708752632141113,-5.599999999999909,-0.49678861644369515
266,2010-08-09,0.0,6.149999999999864,0.5483042687493191
267,2010-08-10,0.0,-6.730000000000018,-0.5967423013149628
268,2010-08-11,0.0,-31.589999999999918,-2.8178688027402568
269,2010-08-17,0.0,3.0699999999999363,0.2817883925211283
270,2010-08-24,0.0,-40.67000000000007,-3.7225181686711766
271,2010-08-27,0.38666608929634094,12.720000000000027,1.2092749103976754
272,2010-08-30,0.47322607040405273,-15.669999999999845,-1.471928160136752
273,2010-09-03,-0.29278095563252765,55.58999999999992,5.299736872211409
274,2010-09-07,-0.726394534111023,-12.670000000000073,-1.1471150102760568
275,2010-09-09,0.0,12.340000000000146,1.1302022274326042
276,2010-09-10,0.0,5.369999999999891,0.48633374993206635
277,2010-09-13,0.35265403985977173,12.350000000000136,1.113063854715888
278,2010-09-14,0.0,-0.8000000000001819,-0.07130760317320455
279,2010-09-15,0.26556328932444256,3.9700000000000273,0.35411649273035656
280,2010-09-17,0.0,0.5199999999999818,0.046219346351780946
281,2010-09-20,-0.4932631552219391,17.12000000000012,1.5209801082099272
282,2010-09-21,0.0,-2.9300000000000637,-0.256408012531619
283,2010-09-22,-0.4079267978668213,-5.5,-0.482549263893032
284,2010-09-24,0.0,14.3900000000001,1.2686461896533572
285,2010-09-27,0.0,-6.509999999999991,-0.5667424064352677
286,2010-09-28,0.0,5.539999999999964,0.4850458779855679
287,2010-09-29,0.0,-2.9700000000000273,-0.2587784264180559
288,2010-09-30,0.09287462064198085,-3.5299999999999727,-0.3083696592209493
289,2010-10-01,-0.8881332874298096,5.039999999999964,0.44164037854889265
290,2010-10-04,0.0,-9.210000000000036,-0.8034966499162511
291,2010-10-08,0.0,28.12000000000012,2.4731097684318017
292,2010-10-12,0.4621441662311554,4.619999999999891,0.3965154701111351
293,2010-10-13,0.0,8.329999999999927,0.7121057985757822
294,2010-10-14,-0.3576353192329407,-4.289999999999964,-0.36414565826330225
295,2010-10-19,-0.14080621302127838,-7.9099999999998545,-0.6738739659740379
296,2010-10-20,-0.8832147717475891,12.269999999999982,1.0524058667124092
297,2010-10-22,0.0,4.9099999999998545,0.41674800750314933
298,2010-10-26,0.0,2.560000000000173,0.21638435270650955
299,2010-10-29,0.0,-2.380000000000109,-0.20073546776425466
300,2010-11-02,0.0,10.309999999999945,0.8713216030289154
301,2010-11-04,0.0,27.49000000000001,2.303174510083197
302,2010-11-05,-0.9702878594398499,4.789999999999964,0.39228211553895503
303,2010-11-08,-0.361579030752182,-2.599999999999909,-0.21209772810702035
304,2010-11-10,0.0,-4.539999999999964,-0.3711424483956643
305,2010-11-11,0.0,-5.170000000000073,-0.42421905129194576
306,2010-11-12,0.0,-14.329999999999927,-1.1808428234751165
307,2010-11-15,0.0,-1.4600000000000364,-0.12174681665430044
308,2010-11-18,0.0,-1.0599999999999454,-0.08849926946357298
309,2010-11-22,0.0,1.1499999999998636,0.09609840476646947
310,2010-11-23,-0.6182069182395935,-17.1099999999999,-1.4284044613637799
311,2010-11-24,0.0,17.61999999999989,1.4922971382110974
312,2010-11-26,-0.8749880194664001,-8.949999999999818,-0.7468602661993423
313,2010-11-29,-0.37226438522338867,-1.6400000000001,-0.13788464772154868
314,2010-11-30,0.0,-7.210000000000036,-0.60702498821311
315,2010-12-02,0.5728011131286621,40.98000000000002,3.47126339418068
316,2010-12-03,0.0,3.1800000000000637,0.2603292592077201
317,2010-12-09,0.7180991768836975,8.289999999999964,0.6768949383935758
318,2010-12-10,-0.26282039284706116,7.400000000000091,0.6001622060016295
319,2010-12-13,0.0,0.05999999999994543,0.0048371493066708664
320,2010-12-14,0.0,1.1299999999998818,0.09109523886299291
321,2010-12-16,0.0,1.2799999999999727,0.10309361383387212
322,2010-12-17,0.0,1.040000000000191,0.08367729529236292
323,2010-12-20,0.0,3.1699999999998454,0.25484158821778463
324,2010-12-22,0.0,11.759999999999991,0.943002854668505
325,2010-12-23,0.0,-2.0699999999999363,-0.16443710082297483
326,2010-12-30,0.0,1.1100000000001273,0.08832164994391395
327,2010-12-31,0.10784430503845215,-0.2400000000000091,-0.019079721436067756
328,2011-01-03,0.0,14.22999999999979,1.1314843675455448
329,2011-01-04,0.0,-1.6699999999998454,-0.1313027274799976
330,2011-01-05,0.0,6.3599999999999,0.5007085498346638
331,2011-01-06,0.0,-2.7100000000000364,-0.21228927743310433
332,2011-01-11,0.8517699837684631,0.6300000000001091,0.04945637241434307
333,2011-01-12,0.0,11.480000000000018,0.9007595254535197
334,2011-01-13,0.32261553406715393,-2.2000000000000455,-0.17107841612492186
335,2011-01-14,0.0,9.480000000000018,0.7384557861282497
336,2011-01-18,0.0,1.7799999999999727,0.13763879867619103
337,2011-01-19,0.0,-13.099999999999909,-1.0115673889206276
338,2011-01-20,0.0,-1.6600000000000819,-0.12949326010984163
339,2011-01-21,-0.42666134238243103,3.089999999999918,0.24135722431380485
340,2011-01-24,0.0,7.490000000000009,0.5836287840417664
341,2011-01-26,-0.8832509517669678,5.790000000000191,0.44854513340152086
342,2011-01-28,0.0,-20.29000000000019,-1.5648257405736554
343,2011-01-31,0.0,9.779999999999973,0.7662535061190571
344,2011-02-01,0.11503732204437256,21.470000000000027,1.6693621124000895
345,2011-02-02,0.0,-3.5599999999999454,-0.27225659419236503
346,2011-02-03,0.4590691924095154,3.0699999999999363,0.23542403165570858
347,2011-02-04,0.0,3.769999999999982,0.2884247570958597
348,2011-02-09,0.0,10.010000000000218,0.7636150037761348
349,2011-02-14,0.0,11.439999999999827,0.8660892738174418
350,2011-02-15,0.2279695669809977,-4.309999999999945,-0.3234958568512028
351,2011-02-16,-0.9521814584732056,8.309999999999945,0.6257483000880976
352,2011-02-18,0.0,6.690000000000055,0.5006285919540271
353,2011-02-23,0.0,-35.6099999999999,-2.651506690195896
354,2011-02-24,0.0,-1.300000000000182,-0.09943399112744239
355,2011-02-28,0.0,21.12000000000012,1.6170277926651957
356,2011-03-01,-0.9151381254196167,-20.8900000000001,-1.5739666370307936
357,2011-03-04,0.0,14.820000000000164,1.1344759746771615
358,2011-03-08,0.0,0.6699999999998454,0.05071339363432202
359,2011-03-09,0.24470438063144684,-1.7999999999999545,-0.1361758787126806
360,2011-03-10,0.0,-24.910000000000082,-1.887092619808797
361,2011-03-11,0.24992361664772034,9.170000000000073,0.7080479650377245
362,2011-03-14,0.0,-7.889999999999873,-0.604931456435725
363,2011-03-15,0.0,-14.52000000000021,-1.1200333233055029
364,2011-03-16,0.47488415241241455,-24.98999999999978,-1.9494956586861214
365,2011-03-17,-0.4027974009513855,16.839999999999918,1.3398255998981539
366,2011-03-23,0.0,23.819999999999936,1.8701127406337292
367,2011-03-29,0.0,21.90000000000009,1.6878092390215402
368,2011-03-30,0.0,8.819999999999936,0.6684654095676905
369,2011-03-31,0.0,-2.4300000000000637,-0.18294610994835828
370,2011-04-01,0.0,6.580000000000155,0.49629288822851764
371,2011-04-04,-0.19347419341405234,0.459999999999809,0.034523907806141424
372,2011-04-05,0.0,-0.23999999999978172,-0.01800625717435172
373,2011-04-06,0.0,2.9099999999998545,0.2183651876364673
374,2011-04-12,0.0,-21.37999999999988,-1.6008505922697849
375,2011-04-13,0.0,0.25,0.01902355877518719
376,2011-04-14,0.0,0.10999999999989996,0.008368773822467873
377,2011-04-15,-0.231576606631279,5.160000000000082,0.39253872135837276
378,2011-04-18,0.0,-14.539999999999964,-1.10178225024248
379,2011-04-19,0.0,7.479999999999791,0.5731185926413864
380,2011-04-20,0.0,17.74000000000001,1.3514954823178078
381,2011-04-21,-0.0558852752049764,7.020000000000209,0.5276767190835722
382,2011-04-25,-0.9623842835426331,-2.130000000000109,-0.1592666257907333
383,2011-04-26,0.0,11.990000000000009,0.89795918367347
384,2011-04-27,0.0,8.420000000000073,0.6249814435438432
385,2011-04-28,0.0,4.819999999999936,0.35554637593496424
386,2011-04-29,0.0,3.1299999999998818,0.23006585910854122
387,2011-05-02,0.0,-2.3899999999998727,-0.1752700552210583
388,2011-05-03,0.0,-4.600000000000136,-0.3379321491015513
389,2011-05-05,0.0,-21.519999999999982,-1.5862953516828575
390,2011-05-06,0.0,5.100000000000136,0.3819938581379774
391,2011-05-09,0.0,6.089999999999918,0.4544097895836381
392,2011-05-10,0.0,10.870000000000118,0.807404051133123
393,2011-05-11,-0.4690954089164734,-15.080000000000155,-1.1111438592354737
394,2011-05-12,0.0,6.570000000000164,0.4895386266094543
395,2011-05-13,0.0,-10.88000000000011,-0.8067326585845185
396,2011-05-16,-0.8602352142333984,-8.299999999999955,-0.6204355008708489
397,2011-05-17,0.0,-0.4900000000000091,-0.03685679255643295
398,2011-05-18,0.0,11.700000000000045,0.8803744224894314
399,2011-05-20,0.0,-7.410000000000082,-0.5527045976668618
400,2011-05-23,-0.29196973890066147,-15.900000000000091,-1.1925566464407127
401,2011-05-25,0.0,3.1000000000001364,0.23531733681502817
402,2011-05-26,-0.8101687431335449,5.220000000000027,0.39531378978697185
403,2011-05-27,0.0,5.4099999999998545,0.4080893723268528
404,2011-06-01,0.0,-16.549999999999955,-1.243332582074972
405,2011-06-02,0.13710421323776245,-1.6099999999999,-0.1224753718002282
406,2011-06-03,0.0,-12.779999999999973,-0.9733879689856332
407,2011-06-07,0.0,-15.220000000000027,-1.1706251538272232
408,2011-06-08,0.0,-5.380000000000109,-0.4186965928370281
409,2011-06-09,0.0,9.440000000000055,0.7377536028009671
410,2011-06-10,-0.45677801966667175,-18.019999999999982,-1.397982932505817
411,2011-06-13,0.0,0.849999999999909,0.06687752757713804
412,2011-06-14,0.0,16.039999999999964,1.261174842549709
413,2011-06-15,0.0,-22.449999999999818,-1.7431883652853017
414,2011-06-16,0.18281017243862152,2.2200000000000273,0.17543582367909683
415,2011-06-20,0.3617915213108063,10.7199999999998,0.8456659619450158
416,2011-06-21,0.0,17.160000000000082,1.3423448793767079
417,2011-06-22,0.0,-8.379999999999882,-0.6468445103124523
418,2011-06-23,-0.3882330060005188,-3.6400000000001,-0.2827975200832932
419,2011-06-24,0.113362717628479,-15.049999999999955,-1.1725749902610014
420,2011-06-27,0.0,11.649999999999864,0.9184437699554466
421,2011-06-29,-0.2936509370803833,27.310000000000173,2.1334270760097005
422,2011-06-30,0.17031261324882507,13.230000000000018,1.0119243389602357
423,2011-07-01,-0.23352067172527313,19.029999999999973,1.4409680155076305
424,2011-07-05,0.0,-1.7899999999999636,-0.13361499473750726
425,2011-07-07,-0.8783499002456665,15.339999999999918,1.1465901276646573
426,2011-07-08,-0.16715298096338907,-9.420000000000073,-0.6961174088470518
427,2011-07-12,0.0,-30.159999999999854,-2.244381604405407
428,2011-07-13,0.0,4.079999999999927,0.31058737553667115
429,2011-07-14,0.4675372838973999,-8.850000000000136,-0.6716146070485487
430,2011-07-15,0.0,7.270000000000209,0.5554409528830373
431,2011-07-18,-0.3523308038711548,-10.700000000000045,-0.8129834212165912
432,2011-07-19,-0.4916931390762329,21.289999999999964,1.630867753401149
433,2011-07-20,0.0,-0.8900000000001,-0.06708222471792302
434,2011-07-21,-0.25192349404096603,17.960000000000036,1.3546129246364598
435,2011-07-22,0.38189682364463806,1.2200000000000273,0.09078731954160049
436,2011-07-25,0.0,-7.589999999999918,-0.5643038765222761
437,2011-07-26,0.0,-5.490000000000009,-0.4104887732442078
438,2011-07-27,0.0,-27.049999999999955,-2.030872261513278
439,2011-07-28,-0.7183763384819031,-4.220000000000027,-0.3233989071875811
440,2011-07-29,0.0,-8.3900000000001,-0.6450521654224437
441,2011-08-01,0.44606176018714905,-5.339999999999918,-0.41322314049586145
442,2011-08-02,-0.2587553064028422,-32.8900000000001,-2.55567470122928
443,2011-08-03,0.0,6.289999999999964,0.5015748973326394
444,2011-08-04,-0.13947970668474832,-60.26999999999998,-4.782042940793753
445,2011-08-05,-0.46061205863952637,-0.6899999999998272,-0.05749664602896725
446,2011-08-08,-0.46249905228614807,-79.92000000000007,-6.663442778769036
447,2011-08-09,-0.3657752573490143,53.069999999999936,4.740678541439617
448,2011-08-10,-0.1764464775721232,-51.76999999999998,-4.415238842502962
449,2011-08-11,-0.26653312146663666,51.88000000000011,4.629001748813315
450,2011-08-12,0.0,6.169999999999845,0.5261631873379592
451,2011-08-15,0.0,25.680000000000064,2.178468116151039
452,2011-08-16,0.0,-11.730000000000018,-0.9738561548871322
453,2011-08-17,-0.4182697534561157,1.1300000000001091,0.09473825413327988
454,2011-08-18,-0.30053484439849854,-53.24000000000001,-4.459372303981104
455,2011-08-22,0.0,-16.830000000000155,-1.4754745101477365
456,2011-08-23,0.0,38.52999999999997,3.4284849886992554
457,2011-08-24,0.0,15.25,1.3119972469565966
458,2011-08-25,0.0,-18.329999999999927,-1.556555706521733
459,2011-08-26,0.15334273874759674,17.529999999999973,1.5121585135473161
460,2011-08-29,0.0,33.27999999999997,2.8280081577158374
461,2011-08-30,0.2998981277147929,2.8400000000001455,0.234695226761879
462,2011-08-31,0.1933204084634781,5.970000000000027,0.4922006397783883
463,2011-09-01,-0.4769662618637085,-14.470000000000027,-1.1871456817268191
464,2011-09-02,0.0,-30.450000000000045,-2.5281878414506602
465,2011-09-06,0.0,-8.730000000000018,-0.743630586812271
466,2011-09-07,-0.05153946081797282,33.37999999999988,2.86464590985547
467,2011-09-08,0.0,-12.7199999999998,-1.061220403463967
468,2011-09-09,0.0,-31.670000000000073,-2.6705455771987583
469,2011-09-12,0.0,8.039999999999964,0.6965682749538622
470,2011-09-13,0.0,10.599999999999909,0.9120083973603301
471,2011-09-14,0.0,15.810000000000173,1.3479754789533516
472,2011-09-15,0.22372422615687051,20.429999999999836,1.7187131944677994
473,2011-09-16,0.0,6.900000000000091,0.5706676811869964
474,2011-09-19,0.0,-11.920000000000073,-0.9802550965863829
475,2011-09-21,0.0,-37.32999999999993,-3.100266591367749
476,2011-09-22,0.10341746807098388,-37.200000000000045,-3.1883163632623717
477,2011-09-23,0.0,6.870000000000118,0.6082014235631679
478,2011-09-26,-0.2957047422726949,26.519999999999982,2.3336237163749622
479,2011-09-27,0.0,12.430000000000064,1.0688335698009426
480,2011-09-28,0.0,-24.320000000000164,-2.0691180724531777
481,2011-09-29,0.0,9.340000000000146,0.8114259899570956
482,2011-09-30,0.0,-28.980000000000018,-2.4974146845915217
483,2011-10-03,-0.18262407779693604,-32.190000000000055,-2.845097311343272
484,2011-10-04,-0.19602727890014648,24.720000000000027,2.2488469201168115
485,2011-10-05,0.12977375090122223,20.079999999999927,1.7865563414742582
486,2011-10-06,0.0,20.940000000000055,1.8303715811648344
487,2011-10-07,0.0,-9.509999999999991,-0.8163300342498082
488,2011-10-10,-0.15341205894947052,39.430000000000064,3.4124937254426864
489,2011-10-11,0.0,0.6499999999998636,0.05439831281539418
490,2011-10-12,-0.9416778683662415,11.710000000000036,0.9794737106244908
491,2011-10-13,-0.1951566537221273,-3.589999999999918,-0.29737005591219035
492,2011-10-14,0.0,20.919999999999845,1.7380323347124473
493,2011-10-17,0.0,-23.720000000000027,-1.936990641689398
494,2011-10-18,0.0,24.52000000000021,2.041869993171578
495,2011-10-19,-0.3037680387496948,-15.5,-1.2649137410435944
496,2011-10-20,0.2976204752922058,5.509999999999991,0.45541706615532035
497,2011-10-21,0.0,22.8599999999999,1.8808777429467003
498,2011-10-24,0.0,15.940000000000055,1.2873006258833075
499,2011-10-25,-0.7561110258102417,-25.1400000000001,-2.0044809797558663
500,2011-10-26,-0.18259581923484802,12.950000000000045,1.0536593303771242
501,2011-10-27,0.0,42.58999999999992,3.4291465378421835
502,2011-10-28,0.0,0.5,0.038922924824262996
503,2011-10-31,0.0,-31.789999999999964,-2.4737567018652364
504,2011-11-01,0.0,-35.01999999999998,-2.794223250618366
505,2011-11-02,0.0,19.62000000000012,1.6104672160751319
506,2011-11-03,-0.172634224096934,23.25,1.8781807900476608
507,2011-11-04,0.38141027092933655,-7.920000000000073,-0.627998255560407
508,2011-11-07,0.0,7.889999999999873,0.6295731828953881
509,2011-11-08,0.0,14.800000000000182,1.1735600101497228
510,2011-11-09,0.09154551029205323,-46.820000000000164,-3.6695090601291747
511,2011-11-10,0.0,10.600000000000136,0.8624196566593554
512,2011-11-11,0.0,24.149999999999864,1.948051948051937
513,2011-11-14,0.0,-12.069999999999936,-0.9550183961704267
514,2011-11-15,0.0,6.029999999999973,0.48171403920816536
515,2011-11-17,-0.13845664262771606,-41.679999999999836,-3.3136960272219045
516,2011-11-18,-0.17816818952560426,-0.4800000000000182,-0.03946946461315963
517,2011-11-21,-0.46864819526672363,-22.670000000000073,-1.8648459671780588
518,2011-11-22,0.0,-4.940000000000055,-0.4140890878304795
519,2011-11-23,-0.23873066902160645,-26.25,-2.2095215649304736
520,2011-11-25,0.0,-3.119999999999891,-0.26855111508963675
521,2011-11-28,0.26328039169311523,33.87999999999988,2.924042220822139
522,2011-11-29,-0.2093414068222046,2.6400000000001,0.22137436585468956
523,2011-11-30,0.0,51.76999999999998,4.331528878253666
524,2011-12-01,0.0,-2.380000000000109,-0.1908641816898785
525,2011-12-02,0.1977539857228597,-0.2999999999999545,-0.024104517186517103
526,2011-12-05,0.0,12.799999999999955,1.028707364901787
527,2011-12-06,-0.4327748616536458,1.3900000000001,0.11057371050371496
528,2011-12-07,0.0,2.5399999999999636,0.2018323837675879
529,2011-12-08,0.0,-26.660000000000082,-2.114178317380519
530,2011-12-09,0.0,20.840000000000146,1.6883379916555394
531,2011-12-12,0.0,-18.720000000000027,-1.4914076753320236
532,2011-12-13,0.0,-10.740000000000009,-0.868601745291031
533,2011-12-14,-0.28700560331344604,-13.910000000000082,-1.1348339356954698
534,2011-12-15,0.0,3.9300000000000637,0.32430558993910513
535,2011-12-16,0.0,3.910000000000082,0.32161217355542515
536,2011-12-19,0.0,-14.310000000000173,-1.1732777987308078
537,2011-12-20,0.0,35.950000000000045,2.9825361928070726
538,2011-12-21,-0.20847667753696442,2.4200000000000728,0.1949569000241741
539,2011-12-22,0.0,10.279999999999973,0.8265526002637229
540,2011-12-23,0.2937321662902832,11.329999999999927,0.9035087719298187
541,2011-12-27,0.0,0.10000000000013642,0.007903076667757535
542,2011-12-28,0.0,-15.789999999999964,-1.2477971914685098
543,2011-12-30,0.13742485642433167,7.959999999999809,0.6369834512339401
544,2012-01-03,-0.3532687872648239,19.460000000000036,1.5473918575063643
545,2012-01-04,0.0,0.2400000000000091,0.018793165552128257
546,2012-01-05,0.0,3.759999999999991,0.29437093869881714
547,2012-01-06,0.0,-3.25,-0.2536961578692645
548,2012-01-09,0.060695747534434,2.8900000000001,0.2261682096712422
549,2012-01-10,0.0,11.379999999999882,0.8885765596939081
550,2012-01-11,0.0,0.40000000000009095,0.030957835428153904
551,2012-01-12,-0.3202038009961446,3.019999999999982,0.2336593216142596
552,2012-01-13,-0.4788999557495117,-6.410000000000082,-0.4947896565032869
553,2012-01-17,0.0,4.580000000000155,0.355289390189991
554,2012-01-18,0.0,14.36999999999989,1.1107933244181198
555,2012-01-19,-0.5330434918403626,6.460000000000036,0.4938686890309193
556,2012-01-20,0.0,0.8800000000001091,0.06694560669456896
557,2012-01-23,-0.20391055941581726,0.6199999999998909,0.04713466830876939
558,2012-01-24,0.0,-1.349999999999909,-0.10258358662613291
559,2012-01-25,0.23238794008890787,11.409999999999854,0.8679116114555093
560,2012-01-26,-0.3057078719139099,-7.629999999999882,-0.5753887456072789
561,2012-01-27,0.0,-2.1000000000001364,-0.15928035618122588
562,2012-01-30,0.0,-3.3199999999999363,-0.2522163895071856
563,2012-01-31,-0.21812872091929117,-0.599999999999909,-0.04569652934858905
564,2012-02-01,0.0,11.679999999999836,0.8899657881302212
565,2012-02-02,0.0,1.4500000000000455,0.10950917233723126
566,2012-02-03,0.0,19.360000000000127,1.4605368378170502
567,2012-02-06,0.0,-0.5700000000001637,-0.04238233325899053
568,2012-02-07,-0.4713631570339203,2.7200000000000273,0.2023312728273584
569,2012-02-08,-0.29104801019032794,2.910000000000082,0.21602761590142028
570,2012-02-09,0.0,1.990000000000009,0.14741177516370924
571,2012-02-10,0.0,-9.309999999999945,-0.6886349347239132
572,2012-02-13,-0.23248608907063803,9.129999999999882,0.6800035750461687
573,2012-02-14,0.15340903401374817,-1.2699999999999818,-0.09395089401303341
574,2012-02-15,0.17472703456878663,-7.269999999999982,-0.5383191410588658
575,2012-02-16,0.0,14.809999999999945,1.102566202362957
576,2012-02-17,0.0,3.1900000000000546,0.2348973520662171
577,2012-02-21,0.0,0.9800000000000182,0.07199371156968463
578,2012-02-22,0.2598685622215271,-4.5499999999999545,-0.3340160474522984
579,2012-02-23,0.0,5.7999999999999545,0.42720563322186367
580,2012-02-24,-0.5068281491597494,2.2799999999999727,0.16722162733046605
581,2012-02-27,0.0,1.849999999999909,0.13545770058722076
582,2012-02-28,0.0,4.5900000000001455,0.3356269057246796
583,2012-02-29,0.44150300820668537,-6.5,-0.47369878587357345
584,2012-03-01,-0.2117757797241211,8.409999999999854,0.6158104387557739
585,2012-03-02,0.16830800473690033,-4.459999999999809,-0.32457844828212196
586,2012-03-05,-0.03770442803700765,-5.300000000000182,-0.3869658228864863
587,2012-03-06,-0.44672340154647827,-20.970000000000027,-1.5370181700908159
588,2012-03-07,0.11088305711746216,9.27000000000021,0.6900607432110686
589,2012-03-08,0.0,13.279999999999973,0.9817910293280477
590,2012-03-09,-0.45210152864456177,4.959999999999809,0.3631278781178708
591,2012-03-13,0.11426053196191788,25.080000000000155,1.8294951381239766
592,2012-03-14,-0.6685213645299276,-1.6700000000000728,-0.11963179196963163
593,2012-03-15,-0.15226110816001892,8.319999999999936,0.5967237570645736
594,2012-03-16,-0.04677130778630575,1.5700000000001637,0.11193497789820077
595,2012-03-19,0.0,5.579999999999927,0.3973877806818211
596,2012-03-20,0.0,-4.230000000000018,-0.3000532009221506
597,2012-03-21,-0.7198719084262848,-2.6299999999998818,-0.18711935796003484
598,2012-03-22,0.0,-10.110000000000127,-0.7206552188696281
599,2012-03-23,-0.5593669017155966,4.329999999999927,0.3108890133402208
600,2012-03-26,0.46124425530433655,19.40000000000009,1.3885807130433603
601,2012-03-27,0.0,-3.990000000000009,-0.2816782091195974
602,2012-03-28,-0.22697805166244506,-6.980000000000018,-0.49415229518874193
603,2012-03-29,0.0,-2.259999999999991,-0.16079229335344358
604,2012-03-30,-0.123630424340566,5.190000000000055,0.3698477851889897
605,2012-04-02,0.0,10.569999999999936,0.7504597187018492
606,2012-04-03,0.0,-5.6599999999998545,-0.39886120193932906
607,2012-04-04,0.0,-14.420000000000073,-1.0202493313900063
608,2012-04-05,0.0,-0.8800000000001091,-0.0629038714473687
609,2012-04-09,0.19565178453922272,-15.879999999999882,-1.1358434424353314
610,2012-04-10,0.0,-23.610000000000127,-1.7081464332224083
611,2012-04-11,0.24792835116386414,10.120000000000118,0.7448899226403932
612,2012-04-12,-0.11991328746080399,18.8599999999999,1.3779398119397024
613,2012-04-13,-0.1936046600341797,-17.309999999999945,-1.2475046303970212
614,2012-04-16,-0.47604110836982727,-0.6900000000000546,-0.0503554070030545
615,2012-04-17,0.4586372971534729,21.210000000000036,1.5486612586432267
616,2012-04-18,-0.33610597252845764,-5.639999999999873,-0.40552783330216663
617,2012-04-19,-0.38894587755203247,-8.220000000000027,-0.5934418181555674
618,2012-04-20,-0.4316823035478592,1.6099999999999,0.11692763559247449
619,2012-04-23,0.0,-11.589999999999918,-0.840750654682881
620,2012-04-24,0.09914968609809875,5.029999999999973,0.3679751854507127
621,2012-04-25,0.0,18.720000000000027,1.3644613220405715
622,2012-04-27,0.2736710965633392,12.669999999999845,0.9110585392862424
623,2012-04-30,-0.9632182717323303,-5.449999999999818,-0.3883536654885289
624,2012-05-01,0.44341030716896057,7.9099999999998545,0.5658447253399613
625,2012-05-02,0.0,-3.509999999999991,-0.24967634547808332
626,2012-05-03,-0.3200027147928874,-10.740000000000009,-0.7658791565345758
627,2012-05-04,-0.2108259399731954,-22.470000000000027,-1.6147229388388675
628,2012-05-07,0.1915483276049296,0.4800000000000182,0.03505952815718488
629,2012-05-08,-0.4852006733417511,-5.8599999999999,-0.42786839761093914
630,2012-05-09,-0.16942454874515533,-9.1400000000001,-0.6702255594990247
631,2012-05-10,-0.4420682191848755,3.410000000000082,0.2517385462652691
632,2012-05-11,0.0,-4.599999999999909,-0.33873592589046375
633,2012-05-14,-0.2579368591308594,-15.040000000000191,-1.1112835176852343
634,2012-05-15,0.16507287820180258,-7.689999999999827,-0.5745881122277302
635,2012-05-16,-0.3123926917711894,-5.860000000000127,-0.4403829678505498
636,2012-05-18,0.0,-29.579999999999927,-2.232789855072458
637,2012-05-21,-0.46636679768562317,20.769999999999982,1.6035885795463307
638,2012-05-22,0.0,0.6400000000001,0.04863258839353643
639,2012-05-23,-0.4500263035297394,2.229999999999791,0.16937180529076434
640,2012-05-24,0.0,1.8200000000001637,0.13799796794202293
641,2012-05-25,-0.31918394565582275,-2.8600000000001273,-0.21655510797468935
642,2012-05-29,0.0,14.600000000000136,1.1078903036833663
643,2012-05-31,-0.1356114149093628,-22.090000000000146,-1.6578856516714056
644,2012-06-01,-0.4841674566268921,-32.289999999999964,-2.464264727206121
645,2012-06-04,-0.32078297932942706,0.14000000000010004,0.010954273731659421
646,2012-06-05,-0.37044347325960797,7.319999999999936,0.5726892925878935
647,2012-06-06,0.31754788756370544,29.63000000000011,2.3049397121742596
648,2012-06-07,0.0,-0.14000000000010004,-0.010645335442131199
649,2012-06-08,0.0,10.670000000000073,0.8114130145476448
650,2012-06-11,0.0,-16.730000000000018,-1.2620128841482745
651,2012-06-12,0.0,15.25,1.1650737625388676
652,2012-06-13,0.0,-9.299999999999955,-0.7023214366626859
653,2012-06-14,-0.4591200053691864,14.2199999999998,1.081467510343134
654,2012-06-15,0.0,13.740000000000009,1.0337822586712822
655,2012-06-18,-0.1500651240348816,1.9400000000000546,0.14446992940335815
656,2012-06-19,-0.46887102723121643,13.200000000000045,0.981573194128411
657,2012-06-20,-0.29332226514816284,-2.2899999999999636,-0.16863282228014873
658,2012-06-21,0.0,-30.180000000000064,-2.2261726500896266
659,2012-06-22,0.0,9.509999999999991,0.7174596947589977
660,2012-06-25,0.0,-21.299999999999955,-1.595481715629725
661,2012-06-26,-0.2673831880092621,6.269999999999982,0.47727065128033236
662,2012-06-27,0.0,11.8599999999999,0.8984916552398048
663,2012-06-28,-0.1939007043838501,-2.8099999999999454,-0.2109847205015539
664,2012-06-29,-0.586204469203949,33.12000000000012,2.4920243183049506
665,2012-07-02,0.0,3.349999999999909,0.24593293005226324
666,2012-07-03,-0.13977225621541342,8.509999999999991,0.6232103756105771
667,2012-07-05,0.17136326432228088,-6.440000000000055,-0.4686976899899604
668,2012-07-06,-0.31592780351638794,-12.899999999999864,-0.9432720572105372
669,2012-07-09,0.0,-2.2200000000000273,-0.16387633979980712
670,2012-07-10,-0.4784279763698578,-10.990000000000009,-0.8125933484169593
671,2012-07-12,0.0,-6.710000000000036,-0.5001975444847843
672,2012-07-13,0.18526765704154968,22.019999999999982,1.6497347837813525
673,2012-07-16,0.0,-3.1399999999998727,-0.2314302982060373
674,2012-07-17,0.09725412726402283,10.029999999999973,0.7409651015040906
675,2012-07-18,0.0,9.1099999999999,0.6680501880953529
676,2012-07-19,0.0,3.730000000000018,0.27171141770713575
677,2012-07-20,0.0,-13.849999999999909,-1.0061677721193387
678,2012-07-23,0.0,-12.1400000000001,-0.8909045543275725
679,2012-07-24,0.01093562160219465,-12.210000000000036,-0.9040961999822317
680,2012-07-25,0.2980069915453593,-0.4199999999998454,-0.03138286346211606
681,2012-07-27,-0.20484183231989542,48.07999999999993,3.5937184671385487
682,2012-07-31,0.0,-6.650000000000091,-0.47980836526043785
683,2012-08-01,0.0,-4.0,-0.2899979700142099
684,2012-08-02,0.13607991486787796,-10.319999999999936,-0.7503708227903279
685,2012-08-03,-0.18579913377761842,25.99000000000001,1.9040293040293048
686,2012-08-06,0.20329920450846353,3.240000000000009,0.23292762708574535
687,2012-08-07,0.0,7.119999999999891,0.5106761438213129
688,2012-08-08,0.0,0.8700000000001182,0.06208299140115733
689,2012-08-09,-0.37556472420692444,0.5799999999999272,0.04136298155781028
690,2012-08-10,-0.39783573150634766,3.0699999999999363,0.2188480182492113
691,2012-08-13,0.0,-1.759999999999991,-0.12518938450923564
692,2012-08-14,-0.1009069561958313,-0.1799999999998363,-0.012819508443059045
693,2012-08-15,0.0,1.599999999999909,0.11396579601546437
694,2012-08-16,0.03052365779876709,9.980000000000018,0.7100524357359871
695,2012-08-17,0.0,2.650000000000091,0.18721167635693786
696,2012-08-20,0.0,-0.029999999999972715,-0.00211541716026208
697,2012-08-21,0.2479435404141744,-4.960000000000036,-0.3497563693032399
698,2012-08-22,0.0,0.31999999999993634,0.022644126325915236
699,2012-08-23,0.0,-11.410000000000082,-0.8072218409751808
700,2012-08-24,0.0,9.050000000000182,0.6454695880406384
701,2012-08-27,-0.184691744191306,-0.6900000000000546,-0.048896983268731764
702,2012-08-28,0.0,-1.1400000000001,-0.0808258415813576
703,2012-08-29,0.0,1.1900000000000546,0.08443908323281449
704,2012-08-30,0.0,-11.009999999999991,-0.780579798509737
705,2012-08-31,-0.1861433982849121,7.099999999999909,0.5073312944808006
706,2012-09-04,-0.02539052963256836,-1.6399999999998727,-0.11659486129476267
707,2012-09-05,0.0,-1.5,-0.10676612524378264
708,2012-09-07,0.0,34.48000000000002,2.456820384198827
709,2012-09-10,0.0,-8.840000000000146,-0.6147768999666285
710,2012-09-11,-0.26873310407002765,4.480000000000018,0.3134883981302669
711,2012-09-12,0.0,3.0,0.20926923184240634
712,2012-09-13,0.0,23.430000000000064,1.630979562287692
713,2012-09-14,-0.2401847243309021,5.779999999999973,0.3958931225556321
714,2012-09-17,-0.932259202003479,-4.579999999999927,-0.3124637562509758
715,2012-09-18,-0.24023244778315225,-1.8700000000001182,-0.12797788104217236
716,2012-09-19,-0.46427080035209656,1.7300000000000182,0.1185483649919153
717,2012-09-20,0.0,-0.7899999999999636,-0.05407070257691137
718,2012-09-21,0.0,-0.10999999999989996,-0.007532905099085091
719,2012-09-24,0.0,-3.259999999999991,-0.22326473307536834
720,2012-09-25,-0.13005313277244568,-15.300000000000182,-1.0501822375059324
721,2012-09-26,0.0,-8.269999999999982,-0.5736721259165215
722,2012-09-27,0.0,13.830000000000155,0.9648926966762591
723,2012-09-28,0.0,-6.480000000000018,-0.4477766644784588
724,2012-10-01,-0.19613468647003174,3.8199999999999363,0.26515440732436546
725,2012-10-02,-0.4742399752140045,1.259999999999991,0.08722801819327174
726,2012-10-03,0.0,5.240000000000009,0.3624416392875677
727,2012-10-04,0.0,10.410000000000082,0.7174411953218205
728,2012-10-05,-0.30929460128148395,-0.4700000000000273,-0.03216094156288677
729,2012-10-08,0.0,-5.0499999999999545,-0.34567022376157336
730,2012-10-09,0.002042012555258615,-14.400000000000091,-0.9890925076242609
731,2012-10-10,0.0,-8.920000000000073,-0.6188084468740511
732,2012-10-11,-0.14386524756749472,0.2799999999999727,0.019545429161778406
733,2012-10-12,0.0,-4.25,-0.29661371820998855
734,2012-10-15,-0.22280989090601602,11.540000000000191,0.8077894987365296
735,2012-10-16,0.0,14.789999999999964,1.0269906189024576
736,2012-10-17,0.0,5.990000000000009,0.41170648557996375
737,2012-10-18,-0.29522643486658734,-3.5700000000001637,-0.24436823623632964
738,2012-10-19,0.0,-24.149999999999864,-1.657128741405565
739,2012-10-22,0.1048896312713623,0.6299999999998818,0.043957884160500824
740,2012-10-23,0.0,-20.710000000000036,-1.4443932990194053
741,2012-10-24,-0.10264918804168702,-4.3599999999999,-0.30853932107195475
742,2012-10-25,0.0,4.220000000000027,0.2995563442768431
743,2012-10-26,0.0,-1.0299999999999727,-0.07289609828941682
744,2012-10-31,0.0,0.22000000000002728,0.01558139864300376
745,2012-11-01,0.0,15.429999999999836,1.0926523906639358
746,2012-11-02,-0.4795048236846924,-13.389999999999873,-0.9379443677806564
747,2012-11-05,0.4402727087338765,3.0599999999999454,0.2163767501060632
748,2012-11-06,0.8818145394325256,11.13000000000011,0.7853181491046181
749,2012-11-07,-0.11006856958071391,-33.86000000000013,-2.37050105363382
750,2012-11-08,0.34208886325359344,-17.019999999999982,-1.220482886707348
751,2012-11-09,0.0,2.339999999999918,0.16987172506914056
752,2012-11-12,-0.17050317525863648,0.18000000000006366,0.013044896184372481
753,2012-11-13,0.0,-5.5,-0.3985420606798403
754,2012-11-14,0.0,-19.039999999999964,-1.3852007595323466
755,2012-11-15,0.0,-2.160000000000082,-0.15935196866078552
756,2012-11-16,0.0,6.550000000000182,0.4839913398801609
757,2012-11-19,0.0,27.00999999999999,1.9862046651175094
758,2012-11-20,-0.2171260118484497,0.9199999999998454,0.06633547000842499
759,2012-11-21,0.0,3.2200000000000273,0.23202023331724284
760,2012-11-23,-0.2246468464533488,18.12000000000012,1.3026318627204387
761,2012-11-26,0.7641356587409973,-2.8600000000001273,-0.20295923074194563
762,2012-11-27,0.19034137725830078,-7.349999999999909,-0.5226518001265678
763,2012-11-28,0.0,10.990000000000009,0.7855948074971055
764,2012-11-29,0.035292744636535645,6.019999999999982,0.426971551779165
765,2012-11-30,0.0,0.2300000000000182,0.01624351142342725
766,2012-12-03,-0.29611754417419434,-6.720000000000027,-0.4745159513621169
767,2012-12-04,-0.19338459968566896,-2.410000000000082,-0.1709874703787324
768,2012-12-05,0.0,2.230000000000018,0.1584876159340477
769,2012-12-06,0.0,4.660000000000082,0.3306653042688523
770,2012-12-07,-0.22804608941078186,4.129999999999882,0.29209160218961777
771,2012-12-10,0.0,0.4800000000000182,0.0338488226956369
772,2012-12-11,0.0,9.289999999999964,0.6548940819851231
773,2012-12-12,0.0012242868542671204,0.6400000000001,0.04482294935007425
774,2012-12-13,0.0,-9.029999999999973,-0.6321404569892454
775,2012-12-14,0.0,-5.870000000000118,-0.4135404558103574
776,2012-12-17,-0.9010117650032043,16.779999999999973,1.1870569759051468
777,2012-12-18,0.0725055734316508,16.430000000000064,1.1486618753320887
778,2012-12-19,-0.4327964186668396,-10.980000000000018,-0.7589214744365125
779,2012-12-20,-0.23212029039859772,7.880000000000109,0.5488191334508125
780,2012-12-21,-0.22048786282539368,-13.539999999999964,-0.9378744744370303
781,2012-12-24,0.0,-3.490000000000009,-0.24403034646715444
782,2012-12-26,0.0,-6.830000000000155,-0.4787405548624167
783,2012-12-27,0.16975067059199014,-1.7300000000000182,-0.121845573061565
784,2012-12-28,-0.26741182804107666,-15.669999999999845,-1.1049996474155452
785,2013-01-02,0.2121410369873047,59.99000000000001,4.277575351354435
786,2013-01-03,0.0,-3.050000000000182,-0.20855841687067886
787,2013-01-04,0.0,7.100000000000136,0.48651130282246013
788,2013-01-07,0.0,-4.579999999999927,-0.3123146058221394
789,2013-01-08,0.0,-4.740000000000009,-0.3242378017497903
790,2013-01-09,-0.25327136119206745,3.869999999999891,0.26558693339737777
791,2013-01-10,-0.3080235520998637,11.099999999999909,0.7597431931116555
792,2013-01-11,0.0,-0.06999999999993634,-0.004755047142891635
793,2013-01-14,0.0,-1.3699999999998909,-0.09306749091402404
794,2013-01-15,0.11826008558273315,1.6599999999998545,0.1128729567274903
795,2013-01-16,-0.3834027200937271,0.290000000000191,0.019696537484561377
796,2013-01-17,-0.008268308639526368,8.309999999999945,0.5642965306967769
797,2013-01-18,0.0,5.039999999999964,0.3403243885640177
798,2013-01-22,0.19245262444019318,6.579999999999927,0.4428054213381019
799,2013-01-23,-0.214214026927948,2.25,0.15074770863482875
800,2013-01-24,-0.9434852004051208,0.009999999999990905,0.0006689813421097601
801,2013-01-25,-0.007498015960057576,8.1400000000001,0.5445471695588834
802,2013-01-28,0.6390253901481628,-2.7799999999999727,-0.18496832916378164
803,2013-01-29,-0.2410743087530136,7.6599999999998545,0.5106053940193745
804,2013-01-30,0.0,-5.879999999999882,-0.3899617996604336
805,2013-01-31,0.005424598852793376,-3.8500000000001364,-0.2563317265439916
806,2013-02-01,0.22435331344604492,15.060000000000173,1.0052666359613227
807,2013-02-04,0.0,-17.460000000000036,-1.1538690299173282
808,2013-02-05,-0.4846387505531311,15.579999999999927,1.041645773579098
809,2013-02-06,-0.3261936604976654,0.8299999999999272,0.05491996903307289
810,2013-02-07,-0.26431151628494265,-2.729999999999791,-0.1805412268867412
811,2013-02-08,0.0,8.539999999999964,0.565791478676814
812,2013-02-11,0.0,-0.9200000000000728,-0.060608855480824064
813,2013-02-12,0.0,2.4200000000000728,0.15952432745994244
814,2013-02-13,0.2512877881526947,0.8999999999998636,0.05923273859275278
815,2013-02-14,0.0,1.050000000000182,0.06906395322069432
816,2013-02-15,0.0,-1.5900000000001455,-0.10451037873510534
817,2013-02-19,-0.48261770606040955,11.150000000000091,0.7336539916699077
818,2013-02-20,0.23124730587005615,-18.99000000000001,-1.240414385932826
819,2013-02-21,0.0,-9.529999999999973,-0.6303118489368017
820,2013-02-22,-0.3574882745742798,13.179999999999836,0.8772513677932825
821,2013-02-25,-0.9146957397460938,-27.75,-1.8309580364212195
822,2013-02-26,-0.1434265673160553,9.090000000000146,0.6109486843431895
823,2013-02-27,0.0,19.049999999999955,1.2725960960359102
824,2013-02-28,-0.44253452122211456,-1.3099999999999454,-0.08641217949986117
825,2013-03-01,0.04279160499572754,3.519999999999982,0.2323923204901353
826,2013-03-04,-0.49905794858932495,7.0,0.46107232248715585
827,2013-03-05,0.0,14.589999999999918,0.9565958562811381
828,2013-03-06,0.0,1.6700000000000728,0.10845634794355548
829,2013-03-07,0.0,2.7999999999999545,0.18164597200056795
830,2013-03-08,0.46968504786491394,6.920000000000073,0.44811106937951334
831,2013-03-11,0.0,5.039999999999964,0.32491393648705913
832,2013-03-12,0.0,-3.740000000000009,-0.24032591792934216
833,2013-03-13,0.0,2.0399999999999636,0.1314026589714498
834,2013-03-14,-0.20547078053156534,8.710000000000036,0.5603015721894885
835,2013-03-15,0.0,-2.5299999999999727,-0.1618443863027176
836,2013-03-18,0.0,-8.600000000000136,-0.5510347920804854
837,2013-03-19,0.0,-3.759999999999991,-0.2422524321886471
838,2013-03-20,-0.4314287304878235,10.370000000000118,0.6697495382151284
839,2013-03-21,0.0,-12.910000000000082,-0.8282490007762883
840,2013-03-22,-0.10380241700581141,11.090000000000146,0.7174278690645715
841,2013-03-25,0.0,-5.2000000000000455,-0.3339991906942716
842,2013-03-26,0.9505841135978699,12.079999999999927,0.7785060160212367
843,2013-03-28,-0.4077494740486145,5.420000000000073,0.34659828491402656
844,2013-04-01,0.12334933131933212,-7.019999999999982,-0.44736456388327617
845,2013-04-02,0.4237392246723175,8.079999999999927,0.5172292388152331
846,2013-04-03,-0.3163435061772664,-16.559999999999945,-1.0546091386721825
847,2013-04-04,0.2190072387456894,6.289999999999964,0.4048426648816664
848,2013-04-05,0.0,-6.7000000000000455,-0.42949268580366706
849,2013-04-08,-0.34388501197099686,9.789999999999964,0.63027915121549
850,2013-04-09,-0.41670486330986023,5.539999999999964,0.3544307036792955
851,2013-04-10,0.0,19.12000000000012,1.2189135604133672
852,2013-04-11,0.0,5.639999999999873,0.35522412500865214
853,2013-04-12,-0.3424966335296631,-4.519999999999982,-0.2836754802713734
854,2013-04-15,-0.22056794166564941,-36.49000000000001,-2.296629637788338
855,2013-04-16,0.0,22.210000000000036,1.4307248318688988
856,2013-04-17,0.0,-22.559999999999945,-1.432772121912646
857,2013-04-18,0.0,-10.400000000000091,-0.670098775136764
858,2013-04-19,0.0,13.6400000000001,0.884789278741063
859,2013-04-22,0.0,7.25,0.4661629963028452
860,2013-04-23,-0.3773573637008667,16.279999999999973,1.0419199999999982
861,2013-04-24,0.0,0.009999999999990905,0.0006334004737829783
862,2013-04-25,0.1906786799430847,6.370000000000118,0.40347354619677844
863,2013-04-26,0.0,-2.9200000000000728,-0.18420853415428554
864,2013-04-29,0.4478173553943634,11.36999999999989,0.7186014763878988
865,2013-04-30,0.0,3.9600000000000364,0.24849241658875362
866,2013-05-01,-0.2348129153251648,-14.86999999999989,-0.9307886352397636
867,2013-05-02,0.3225201368331909,14.889999999999873,0.9407973715802029
868,2013-05-03,-0.0021478732426961264,16.830000000000155,1.0534617768013166
869,2013-05-07,0.22161373496055603,11.539999999999964,0.7148077947498149
870,2013-05-08,0.0,6.730000000000018,0.41390932126251684
871,2013-05-09,-0.2089148759841919,-6.019999999999982,-0.36871665778561646
872,2013-05-10,0.3083071708679199,7.029999999999973,0.43217124555072467
873,2013-05-13,0.1565208633740743,0.06999999999993634,0.004284752402517985
